<application>
  <component name="DimensionService">
    <size key="GridCell.Tab.0.left.0.0.1920.1080" width="1854" height="308" />
    <size key="GridCell.Tab.0.center.0.0.1920.1080" width="1854" height="308" />
    <size key="GridCell.Tab.0.right.0.0.1920.1080" width="1854" height="308" />
    <size key="GridCell.Tab.0.bottom.0.0.1920.1080" width="1854" height="308" />
    <size key="GridCell.Tab.1.left.0.0.1920.1080" width="1854" height="295" />
    <size key="GridCell.Tab.1.center.0.0.1920.1080" width="1854" height="295" />
    <size key="GridCell.Tab.1.right.0.0.1920.1080" width="1854" height="295" />
    <size key="GridCell.Tab.1.bottom.0.0.1920.1080" width="1854" height="295" />
    <size key="GridCell.Tab.2.left.0.0.1920.1080" width="1854" height="295" />
    <size key="GridCell.Tab.2.center.0.0.1920.1080" width="1854" height="295" />
    <size key="GridCell.Tab.2.right.0.0.1920.1080" width="1854" height="295" />
    <size key="GridCell.Tab.2.bottom.0.0.1920.1080" width="1854" height="295" />
    <size key="GridCell.Tab.3.left.0.0.1920.1080" width="1854" height="295" />
    <size key="GridCell.Tab.3.center.0.0.1920.1080" width="1854" height="295" />
    <size key="GridCell.Tab.3.right.0.0.1920.1080" width="1854" height="295" />
    <size key="GridCell.Tab.3.bottom.0.0.1920.1080" width="1854" height="295" />
    <size key="GridCell.Tab.4.left.0.0.1920.1080" width="1854" height="295" />
    <size key="GridCell.Tab.4.center.0.0.1920.1080" width="1854" height="295" />
    <size key="GridCell.Tab.4.right.0.0.1920.1080" width="1854" height="295" />
    <size key="GridCell.Tab.4.bottom.0.0.1920.1080" width="1854" height="295" />
  </component>
  <component name="WindowManager">
    <frame x="-8" y="-8" width="1936" height="1048" extendedState="6" />
  </component>
</application>